{"cameraMode":{"drawMode":0,"name":"Shaded","section":"Shading Mode"},"sceneLighting":true,"audioPlay":false,"sceneViewState":{"showFog":true,"showMaterialUpdate":true,"showSkybox":true,"showFlares":true,"showImageEffects":true,"showParticleSystems":true},"in2DMode":false,"pivot":{"x":268.2155456542969,"y":28.91693878173828,"z":598.2898559570313},"rotation":{"x":0.3236028850078583,"y":-0.6620723009109497,"z":0.3861413598060608,"w":0.5548447966575623},"size":46.060264587402347,"orthographic":false}