{"cameraMode":{"drawMode":0,"name":"Shaded","section":"Shading Mode"},"sceneLighting":false,"audioPlay":false,"sceneViewState":{"showFog":true,"showMaterialUpdate":true,"showSkybox":false,"showFlares":true,"showImageEffects":true,"showParticleSystems":true},"in2DMode":false,"pivot":{"x":177.24032592773438,"y":547.0471801757813,"z":409.0051574707031},"rotation":{"x":0.36698946356773379,"y":0.02371709793806076,"z":-0.009360404685139656,"w":0.929877519607544},"size":578.2786865234375,"orthographic":false}