{"cameraMode":{"drawMode":0,"name":"Shaded","section":"Shading Mode"},"sceneLighting":true,"audioPlay":false,"sceneViewState":{"showFog":true,"showMaterialUpdate":true,"showSkybox":true,"showFlares":true,"showImageEffects":true,"showParticleSystems":true},"in2DMode":false,"pivot":{"x":630.562744140625,"y":-565.681884765625,"z":1165.3377685546875},"rotation":{"x":0.3588559627532959,"y":0.07818979769945145,"z":-0.030289070680737497,"w":0.9296578168869019},"size":538.6177368164063,"orthographic":false}