{"cameraMode":{"drawMode":0,"name":"Shaded","section":"Shading Mode"},"sceneLighting":true,"audioPlay":false,"sceneViewState":{"showFog":true,"showMaterialUpdate":true,"showSkybox":true,"showFlares":true,"showImageEffects":true,"showParticleSystems":true},"in2DMode":false,"pivot":{"x":525.2332763671875,"y":-155.4637908935547,"z":687.2534790039063},"rotation":{"x":0.3585831820964813,"y":0.05849664285778999,"z":-0.022503750398755075,"w":0.9314100742340088},"size":191.47103881835938,"orthographic":false}