{"cameraMode":{"drawMode":0,"name":"Shaded","section":"Shading Mode"},"sceneLighting":true,"audioPlay":false,"sceneViewState":{"showFog":true,"showMaterialUpdate":true,"showSkybox":true,"showFlares":true,"showImageEffects":true,"showParticleSystems":true},"in2DMode":false,"pivot":{"x":115.37738037109375,"y":-744.8613891601563,"z":842.6055297851563},"rotation":{"x":-0.4034000039100647,"y":0.47240743041038515,"z":-0.2573050558567047,"w":-0.7402504086494446},"size":494.9457092285156,"orthographic":false}