{"cameraMode":{"drawMode":0,"name":"Shaded","section":"Shading Mode"},"sceneLighting":true,"audioPlay":false,"sceneViewState":{"showFog":true,"showMaterialUpdate":true,"showSkybox":true,"showFlares":true,"showImageEffects":true,"showParticleSystems":true},"in2DMode":false,"pivot":{"x":553.2286987304688,"y":55.69375991821289,"z":408.66241455078127},"rotation":{"x":0.023930970579385759,"y":0.7517341375350952,"z":-0.027283145114779474,"w":0.6584958434104919},"size":41.203529357910159,"orthographic":false}