{"cameraMode":{"drawMode":0,"name":"Shaded","section":"Shading Mode"},"sceneLighting":true,"audioPlay":false,"sceneViewState":{"showFog":true,"showMaterialUpdate":true,"showSkybox":true,"showFlares":true,"showImageEffects":true,"showParticleSystems":true},"in2DMode":false,"pivot":{"x":930.0947265625,"y":-1655.0621337890625,"z":1486.564208984375},"rotation":{"x":0.4716554582118988,"y":0.22393986582756043,"z":-0.12506531178951264,"w":0.8437585234642029},"size":1272.4169921875,"orthographic":false}