{"cameraMode":{"drawMode":0,"name":"Shaded","section":"Shading Mode"},"sceneLighting":true,"audioPlay":false,"sceneViewState":{"showFog":true,"showMaterialUpdate":true,"showSkybox":true,"showFlares":true,"showImageEffects":true,"showParticleSystems":true},"in2DMode":false,"pivot":{"x":536.68701171875,"y":-50.46038055419922,"z":587.947998046875},"rotation":{"x":-0.25355324149131777,"y":-0.16785098612308503,"z":0.044741492718458179,"w":-0.9516165256500244},"size":102.63914489746094,"orthographic":false}